designation,common_name,object_type,constellation,ra_hours,dec_degrees,magnitude,size,distance_ly,notes
Abell 1,A1,Galaxy Cluster,Lepus,20.466806206459665,-86.77595192425947,,45',3376676119,"Amas de galaxies Abell, richesse 0"
Abell 2,A2,Galaxy Cluster,Eridanus,21.217892446209316,59.89594322881453,,80',3934536449,"Amas de galaxies Abell, richesse 0"
Abell 3,A3,Galaxy Cluster,Hercules,6.877317597570065,13.042465131246686,,25',3172426785,"Amas de galaxies Abell, richesse 0"
Abell 4,A4,Galaxy Cluster,Aries,23.360419748635145,-39.78054895449878,,50',2903079484,"Amas de galaxies Abell, richesse 0"
Abell 5,A5,Galaxy Cluster,Leo Minor,0.26577984750372163,-34.128871000071726,,60',1587172734,"Amas de galaxies Abell, richesse 1"
Abell 6,A6,Galaxy Cluster,Ursa Major,0.22919837552787126,-16.858592736844912,,100',3435475234,"Amas de galaxies Abell, richesse 1"
Abell 7,A7,Galaxy Cluster,Capricornus,19.66469207838366,19.75416217394273,,120',2625162548,"Amas de galaxies Abell, richesse 0"
Abell 8,A8,Galaxy Cluster,Corona Borealis,14.73034635426363,-73.14942573725976,,50',2581755222,"Amas de galaxies Abell, richesse 1"
Abell 9,A9,Galaxy Cluster,Vela,6.960849351840194,18.347780620545876,,40',1629386428,"Amas de galaxies Abell, richesse 0"
Abell 10,A10,Galaxy Cluster,Ophiuchus,22.146515075665157,74.47426684596007,,120',2152537560,"Amas de galaxies Abell, richesse 0"
Abell 11,A11,Galaxy Cluster,Aries,20.31474469351956,-13.748963739239215,,10',3079535980,"Amas de galaxies Abell, richesse 0"
Abell 12,A12,Galaxy Cluster,Vulpecula,1.9306358624856257,-19.424643595322706,,50',1818083275,"Amas de galaxies Abell, richesse 2"
Abell 13,A13,Galaxy Cluster,Leo,9.655735079958138,67.9324070907681,,30',3642390959,"Amas de galaxies Abell, richesse 1"
Abell 14,A14,Galaxy Cluster,Vela,19.36719681261501,79.52426325562976,,60',2550588915,"Amas de galaxies Abell, richesse 0"
Abell 15,A15,Galaxy Cluster,Triangulum,20.106713895844734,-56.656541615180465,,60',1704453542,"Amas de galaxies Abell, richesse 2"
Abell 16,A16,Galaxy Cluster,Pegasus,21.851593504949314,49.947365873337645,,30',3988937321,"Amas de galaxies Abell, richesse 0"
Abell 17,A17,Galaxy Cluster,Scorpius,23.33471294027191,-74.31546781326887,,80',1732504964,"Amas de galaxies Abell, richesse 1"
Abell 18,A18,Galaxy Cluster,Lepus,20.601489964706126,-31.773893742093833,,100',3226133675,"Amas de galaxies Abell, richesse 0"
Abell 19,A19,Galaxy Cluster,Sextans,21.895489619588453,84.48423837521739,,30',1625481431,"Amas de galaxies Abell, richesse 0"
Abell 20,A20,Galaxy Cluster,Triangulum,21.38934488710252,57.57126825498969,,35',3449572667,"Amas de galaxies Abell, richesse 1"
Abell 21,A21,Galaxy Cluster,Ophiuchus,11.34637689236756,53.27217327204494,,20',2096098323,"Amas de galaxies Abell, richesse 0"
Abell 22,A22,Galaxy Cluster,Leo Minor,15.895249592379113,-12.279359565387495,,45',3455999806,"Amas de galaxies Abell, richesse 1"
Abell 23,A23,Galaxy Cluster,Sculptor,23.772346046151913,70.7611309086596,,40',2801083376,"Amas de galaxies Abell, richesse 0"
Abell 24,A24,Galaxy Cluster,Coma Berenices,1.6541864505646746,14.677548898338415,,45',2759233579,"Amas de galaxies Abell, richesse 0"
Abell 25,A25,Galaxy Cluster,Monoceros,10.047163526542073,-20.812845970745002,,30',1685137039,"Amas de galaxies Abell, richesse 0"
Abell 26,A26,Galaxy Cluster,Delphinus,5.760844575509046,-86.66197278870067,,50',3629758856,"Amas de galaxies Abell, richesse 2"
Abell 27,A27,Galaxy Cluster,Centaurus,14.7524068181956,63.18492273724047,,15',2732519635,"Amas de galaxies Abell, richesse 0"
Abell 28,A28,Galaxy Cluster,Hydra,7.629279611155715,19.496539368778144,,40',2583416438,"Amas de galaxies Abell, richesse 1"
Abell 29,A29,Galaxy Cluster,Cetus,3.7626486613400907,-78.5988780862562,,60',3716341736,"Amas de galaxies Abell, richesse 2"
Abell 30,A30,Galaxy Cluster,Gemini,4.475412517835716,-9.238534071004423,,40',2415714164,"Amas de galaxies Abell, richesse 2"
Abell 31,A31,Galaxy Cluster,Boötes,16.8695268130995,46.38783199253203,,45',2394750664,"Amas de galaxies Abell, richesse 2"
Abell 32,A32,Galaxy Cluster,Perseus,3.8448614273402093,-22.711527233632054,,45',1640601071,"Amas de galaxies Abell, richesse 1"
Abell 33,A33,Galaxy Cluster,Sextans,20.905131684901058,-78.51733857592255,,50',2751453965,"Amas de galaxies Abell, richesse 0"
Abell 34,A34,Galaxy Cluster,Cassiopeia,5.271643770822487,-20.061179097971888,,40',2807571292,"Amas de galaxies Abell, richesse 0"
Abell 35,A35,Galaxy Cluster,Corvus,10.475812602871377,57.920684747165694,,80',3122212126,"Amas de galaxies Abell, richesse 1"
Abell 36,A36,Galaxy Cluster,Pyxis,12.342619249563114,39.14181758478716,,50',2885150458,"Amas de galaxies Abell, richesse 1"
Abell 37,A37,Galaxy Cluster,Ursa Major,8.115327300159262,39.33454990212297,,10',2189373442,"Amas de galaxies Abell, richesse 1"
Abell 38,A38,Galaxy Cluster,Corona Borealis,4.888291121195156,-70.09425136333557,,60',2480751809,"Amas de galaxies Abell, richesse 0"
Abell 39,A39,Galaxy Cluster,Leo Minor,14.775037186307053,-55.24531651671183,,30',2314476170,"Amas de galaxies Abell, richesse 1"
Abell 40,A40,Galaxy Cluster,Centaurus,7.883013088700421,-41.43793389777825,,10',2210519860,"Amas de galaxies Abell, richesse 2"
Abell 41,A41,Galaxy Cluster,Boötes,14.68835682702934,55.93320877043169,,80',3457797746,"Amas de galaxies Abell, richesse 0"
Abell 42,A42,Galaxy Cluster,Triangulum,13.175257450344596,30.92845961577774,,60',3026045039,"Amas de galaxies Abell, richesse 0"
Abell 43,A43,Galaxy Cluster,Monoceros,6.149734410334036,-64.95538589687533,,120',2249532519,"Amas de galaxies Abell, richesse 2"
Abell 44,A44,Galaxy Cluster,Sculptor,18.86487803191232,47.25647998531153,,25',1934658528,"Amas de galaxies Abell, richesse 2"
Abell 45,A45,Galaxy Cluster,Pegasus,0.13967202349396945,22.13011742657308,,60',2295401356,"Amas de galaxies Abell, richesse 0"
Abell 46,A46,Galaxy Cluster,Puppis,7.060033745306941,-59.52888446089703,,15',2906661618,"Amas de galaxies Abell, richesse 2"
Abell 47,A47,Galaxy Cluster,Capricornus,16.16010282479872,15.690520600522618,,30',1803190126,"Amas de galaxies Abell, richesse 0"
Abell 48,A48,Galaxy Cluster,Vulpecula,16.809878366305995,-79.5496304243508,,80',2333099417,"Amas de galaxies Abell, richesse 2"
Abell 49,A49,Galaxy Cluster,Leo Minor,13.203569821349813,36.040425636663855,,30',3865653371,"Amas de galaxies Abell, richesse 2"
Abell 50,A50,Galaxy Cluster,Tucana,16.89590772036908,62.169881651947065,,80',2444920544,"Amas de galaxies Abell, richesse 0"
Abell 51,A51,Galaxy Cluster,Corvus,4.543149848757122,-47.12695809999248,,120',3383262346,"Amas de galaxies Abell, richesse 2"
Abell 52,A52,Galaxy Cluster,Pavo,12.279959538832838,76.43603428778724,,120',3500143354,"Amas de galaxies Abell, richesse 0"
Abell 53,A53,Galaxy Cluster,Hercules,10.657615609993648,84.33749045109434,,40',1511234696,"Amas de galaxies Abell, richesse 1"
Abell 54,A54,Galaxy Cluster,Taurus,21.027700359333156,-23.7866860457832,,50',1718120566,"Amas de galaxies Abell, richesse 2"
Abell 55,A55,Galaxy Cluster,Libra,22.359054568194473,60.139974617679655,,45',2033844138,"Amas de galaxies Abell, richesse 0"
Abell 56,A56,Galaxy Cluster,Gemini,8.730596306130181,52.21856073994829,,45',1860271685,"Amas de galaxies Abell, richesse 1"
Abell 57,A57,Galaxy Cluster,Leo Minor,17.38966524716372,-20.45541211075046,,60',2626845373,"Amas de galaxies Abell, richesse 0"
Abell 58,A58,Galaxy Cluster,Cetus,9.679538733135653,10.312525454404593,,60',1926379880,"Amas de galaxies Abell, richesse 2"
Abell 59,A59,Galaxy Cluster,Cancer,5.151647712262474,-34.63769396156247,,10',2699017285,"Amas de galaxies Abell, richesse 1"
Abell 60,A60,Galaxy Cluster,Crater,16.764417879724935,39.25180197780375,,40',1963973114,"Amas de galaxies Abell, richesse 0"
Abell 61,A61,Galaxy Cluster,Gemini,22.39272271628414,-2.806708684515314,,45',3777807289,"Amas de galaxies Abell, richesse 2"
Abell 62,A62,Galaxy Cluster,Ophiuchus,17.669624985392886,64.58836937974479,,25',3414981422,"Amas de galaxies Abell, richesse 2"
Abell 63,A63,Galaxy Cluster,Pisces,8.488232611662571,33.24575800663429,,15',3388735787,"Amas de galaxies Abell, richesse 1"
Abell 64,A64,Galaxy Cluster,Fornax,14.680026932686015,-30.807622434407257,,40',3622134355,"Amas de galaxies Abell, richesse 1"
Abell 65,A65,Galaxy Cluster,Coma Berenices,15.22609920799619,-59.595855595206935,,25',2455998649,"Amas de galaxies Abell, richesse 0"
Abell 66,A66,Galaxy Cluster,Pavo,12.73415110876976,65.23047623540194,,100',1810863038,"Amas de galaxies Abell, richesse 0"
Abell 67,A67,Galaxy Cluster,Puppis,20.107573665259043,-60.33820320580209,,60',1945310882,"Amas de galaxies Abell, richesse 2"
Abell 68,A68,Galaxy Cluster,Ursa Major,7.623884782186456,79.97911583307325,,45',1516342666,"Amas de galaxies Abell, richesse 0"
Abell 69,A69,Galaxy Cluster,Puppis,9.090563810790982,24.222007851901225,,40',3266235034,"Amas de galaxies Abell, richesse 2"
Abell 70,A70,Galaxy Cluster,Andromeda,22.99187036215084,60.927046335359904,,25',2511398241,"Amas de galaxies Abell, richesse 2"
Abell 71,A71,Galaxy Cluster,Lyra,10.186592749341887,-78.8464228023741,,15',2846825179,"Amas de galaxies Abell, richesse 1"
Abell 72,A72,Galaxy Cluster,Crater,21.87794165470816,39.11793311283219,,100',2549759487,"Amas de galaxies Abell, richesse 0"
Abell 73,A73,Galaxy Cluster,Cassiopeia,21.980755144627032,-87.52597287883457,,15',1874649196,"Amas de galaxies Abell, richesse 1"
Abell 74,A74,Galaxy Cluster,Monoceros,15.87942615242389,40.15884616999725,,60',1949069405,"Amas de galaxies Abell, richesse 1"
Abell 75,A75,Galaxy Cluster,Capricornus,18.42252370872106,18.322286372917247,,50',2897710603,"Amas de galaxies Abell, richesse 1"
Abell 76,A76,Galaxy Cluster,Lyra,6.63814008207374,-37.7172411977801,,80',3254457902,"Amas de galaxies Abell, richesse 1"
Abell 77,A77,Galaxy Cluster,Vela,0.6497160507468793,-34.30621523842397,,25',2507236346,"Amas de galaxies Abell, richesse 2"
Abell 78,A78,Galaxy Cluster,Centaurus,7.291913072815047,-4.339962703123092,,20',2292924545,"Amas de galaxies Abell, richesse 1"
Abell 79,A79,Galaxy Cluster,Draco,19.177842714839507,-10.830939554874263,,20',2704760303,"Amas de galaxies Abell, richesse 1"
Abell 80,A80,Galaxy Cluster,Pyxis,15.077582426113754,28.256078089012618,,20',3276716265,"Amas de galaxies Abell, richesse 2"
Abell 81,A81,Galaxy Cluster,Aquarius,3.757760174197731,80.54557725419164,,35',2675075098,"Amas de galaxies Abell, richesse 2"
Abell 82,A82,Galaxy Cluster,Centaurus,14.27652348383443,-68.21980058464226,,30',3601963252,"Amas de galaxies Abell, richesse 2"
Abell 83,A83,Galaxy Cluster,Boötes,23.392820970766188,35.95674362938681,,25',3984541146,"Amas de galaxies Abell, richesse 1"
Abell 84,A84,Galaxy Cluster,Sculptor,22.01982934856398,-37.18152029454574,,120',3882537844,"Amas de galaxies Abell, richesse 2"
Abell 85,A85,Galaxy Cluster,Cetus,0.6833,-9.3,,40',2400000000,"Amas de galaxies Abell, richesse 2"
Abell 86,A86,Galaxy Cluster,Centaurus,21.394510308652848,87.6337425668292,,60',2524542027,"Amas de galaxies Abell, richesse 0"
Abell 87,A87,Galaxy Cluster,Scorpius,1.4360288905941028,-55.11864861677023,,60',2046328685,"Amas de galaxies Abell, richesse 1"
Abell 88,A88,Galaxy Cluster,Perseus,7.674613214829045,45.81292273547788,,25',3978619818,"Amas de galaxies Abell, richesse 1"
Abell 89,A89,Galaxy Cluster,Cygnus,18.57891471431968,-4.372521828529088,,20',2844076300,"Amas de galaxies Abell, richesse 0"
Abell 90,A90,Galaxy Cluster,Boötes,13.218362265585519,-85.9730035662939,,35',2475837084,"Amas de galaxies Abell, richesse 0"
Abell 91,A91,Galaxy Cluster,Lepus,14.071483235705262,58.34699462008007,,120',2432761148,"Amas de galaxies Abell, richesse 2"
Abell 92,A92,Galaxy Cluster,Fornax,10.863563016077691,56.32527938892366,,45',1790262522,"Amas de galaxies Abell, richesse 0"
Abell 93,A93,Galaxy Cluster,Corona Borealis,1.8281426121284357,17.30786594546494,,10',3637363381,"Amas de galaxies Abell, richesse 0"
Abell 94,A94,Galaxy Cluster,Monoceros,14.38103274222458,-31.69282487427649,,35',3340731577,"Amas de galaxies Abell, richesse 1"
Abell 95,A95,Galaxy Cluster,Virgo,17.173936897652855,53.36715799974516,,80',2324040264,"Amas de galaxies Abell, richesse 0"
Abell 96,A96,Galaxy Cluster,Pegasus,15.518380381048619,1.7437160183780236,,120',1810273616,"Amas de galaxies Abell, richesse 2"
Abell 97,A97,Galaxy Cluster,Eridanus,6.533740727698987,37.986550688864895,,30',2139635968,"Amas de galaxies Abell, richesse 0"
Abell 98,A98,Galaxy Cluster,Lyra,10.435394651308691,50.12048213211395,,25',1959868475,"Amas de galaxies Abell, richesse 2"
Abell 99,A99,Galaxy Cluster,Pisces,8.300935498882904,-65.99273036055342,,120',2481965035,"Amas de galaxies Abell, richesse 1"
Abell 100,A100,Galaxy Cluster,Libra,12.219552394795791,-48.86348532279564,,30',3883439842,"Amas de galaxies Abell, richesse 2"
Abell 101,A101,Galaxy Cluster,Canis Minor,14.039537370996673,-28.19255922046282,,100',2748735767,"Amas de galaxies Abell, richesse 0"
Abell 102,A102,Galaxy Cluster,Cassiopeia,5.662818378046149,-51.276097726580794,,15',2000702737,"Amas de galaxies Abell, richesse 0"
Abell 103,A103,Galaxy Cluster,Columba,20.312431640748926,-22.594513564071306,,40',1899514386,"Amas de galaxies Abell, richesse 2"
Abell 104,A104,Galaxy Cluster,Sextans,6.725989308413781,51.872565506024955,,40',2721114311,"Amas de galaxies Abell, richesse 0"
Abell 105,A105,Galaxy Cluster,Libra,6.922016501411605,2.241474075304666,,15',3535118863,"Amas de galaxies Abell, richesse 2"
Abell 106,A106,Galaxy Cluster,Leo Minor,22.073751823695883,67.5969805123743,,80',2078209191,"Amas de galaxies Abell, richesse 1"
Abell 107,A107,Galaxy Cluster,Scorpius,21.9793519896064,-57.33544148465269,,60',1815325919,"Amas de galaxies Abell, richesse 2"
Abell 108,A108,Galaxy Cluster,Scorpius,4.802606444604077,16.727757726305327,,15',3129683512,"Amas de galaxies Abell, richesse 0"
Abell 109,A109,Galaxy Cluster,Aries,19.59372963411431,27.382912565627393,,20',2275112841,"Amas de galaxies Abell, richesse 2"
Abell 110,A110,Galaxy Cluster,Ophiuchus,6.464870359093039,-66.11722423706077,,45',1724125097,"Amas de galaxies Abell, richesse 2"
Abell 111,A111,Galaxy Cluster,Sagittarius,12.111199516514947,-74.57454161812029,,35',2745654611,"Amas de galaxies Abell, richesse 0"
Abell 112,A112,Galaxy Cluster,Cancer,4.638186714005583,-62.914729537724384,,25',1722916203,"Amas de galaxies Abell, richesse 2"
Abell 113,A113,Galaxy Cluster,Ursa Minor,10.017754048075727,-54.698245422037516,,30',2182225751,"Amas de galaxies Abell, richesse 1"
Abell 114,A114,Galaxy Cluster,Andromeda,15.839990223736754,-70.59196359158227,,80',1726477659,"Amas de galaxies Abell, richesse 1"
Abell 115,A115,Galaxy Cluster,Coma Berenices,16.533975058587625,6.95830363713641,,80',2441623336,"Amas de galaxies Abell, richesse 0"
Abell 116,A116,Galaxy Cluster,Cetus,6.310127141684192,-66.85820590135553,,25',3388966384,"Amas de galaxies Abell, richesse 1"
Abell 117,A117,Galaxy Cluster,Lyra,18.131760433743725,-19.8464780087958,,40',2241230995,"Amas de galaxies Abell, richesse 1"
Abell 118,A118,Galaxy Cluster,Corvus,8.9609724203955,-5.244474252312784,,15',3660825903,"Amas de galaxies Abell, richesse 1"
Abell 119,A119,Galaxy Cluster,Cetus,0.9333,-1.25,,30',3200000000,"Amas de galaxies Abell, richesse 1"
Abell 120,A120,Galaxy Cluster,Pegasus,5.162970847495105,-52.76885860930001,,100',3296643042,"Amas de galaxies Abell, richesse 2"
Abell 121,A121,Galaxy Cluster,Ursa Major,2.993266100361412,82.45716012023485,,15',3870931198,"Amas de galaxies Abell, richesse 2"
Abell 122,A122,Galaxy Cluster,Monoceros,15.228222819391286,-42.82646285149144,,30',2688727098,"Amas de galaxies Abell, richesse 1"
Abell 123,A123,Galaxy Cluster,Sculptor,11.757839231974835,-59.94916024193599,,25',2594728361,"Amas de galaxies Abell, richesse 0"
Abell 124,A124,Galaxy Cluster,Canis Major,17.04824811411095,46.084563227420716,,30',3220050829,"Amas de galaxies Abell, richesse 2"
Abell 125,A125,Galaxy Cluster,Taurus,12.370347923243537,-53.91040218028479,,25',3009950529,"Amas de galaxies Abell, richesse 2"
Abell 126,A126,Galaxy Cluster,Cancer,8.636745418088942,-50.81657948026796,,35',2324508135,"Amas de galaxies Abell, richesse 2"
Abell 127,A127,Galaxy Cluster,Pavo,0.23441773078276817,68.47648539316612,,40',3406264413,"Amas de galaxies Abell, richesse 1"
Abell 128,A128,Galaxy Cluster,Cepheus,20.479550722054775,-53.13053818289119,,40',2832837334,"Amas de galaxies Abell, richesse 0"
Abell 129,A129,Galaxy Cluster,Ursa Major,1.878204934740701,-46.00286257994902,,80',2329468995,"Amas de galaxies Abell, richesse 1"
Abell 130,A130,Galaxy Cluster,Pisces,11.59914445116147,55.4165578203997,,50',3235569100,"Amas de galaxies Abell, richesse 1"
Abell 131,A131,Galaxy Cluster,Perseus,0.2602105227468785,-56.76207139537213,,15',1599591512,"Amas de galaxies Abell, richesse 1"
Abell 132,A132,Galaxy Cluster,Cygnus,22.845155117674516,-20.51130886054061,,40',2263738155,"Amas de galaxies Abell, richesse 1"
Abell 133,A133,Galaxy Cluster,Coma Berenices,20.30832554530438,40.08219141353135,,30',3686928252,"Amas de galaxies Abell, richesse 0"
Abell 134,A134,Galaxy Cluster,Capricornus,14.06165913836125,48.962181748229,,45',1615065070,"Amas de galaxies Abell, richesse 1"
Abell 135,A135,Galaxy Cluster,Sextans,8.407041444802331,73.87999039062464,,25',3831644670,"Amas de galaxies Abell, richesse 0"
Abell 136,A136,Galaxy Cluster,Pisces,13.389034488590958,83.1115706343783,,10',2019628603,"Amas de galaxies Abell, richesse 2"
Abell 137,A137,Galaxy Cluster,Gemini,22.717345391063752,17.418156421359527,,20',2114691220,"Amas de galaxies Abell, richesse 2"
Abell 138,A138,Galaxy Cluster,Delphinus,3.207968097837604,77.04631788500356,,20',2872790059,"Amas de galaxies Abell, richesse 2"
Abell 139,A139,Galaxy Cluster,Pisces,15.403426414070903,-35.044209840141846,,20',2736278559,"Amas de galaxies Abell, richesse 1"
Abell 140,A140,Galaxy Cluster,Andromeda,13.198666341380655,-86.46196968343367,,40',3978775790,"Amas de galaxies Abell, richesse 1"
Abell 141,A141,Galaxy Cluster,Puppis,16.02720882209971,74.8931247048572,,20',3813323501,"Amas de galaxies Abell, richesse 2"
Abell 142,A142,Galaxy Cluster,Cepheus,15.184776631381549,10.233304964812959,,60',3956765686,"Amas de galaxies Abell, richesse 0"
Abell 143,A143,Galaxy Cluster,Ursa Minor,21.955741985784513,14.106899652050927,,20',3818828837,"Amas de galaxies Abell, richesse 2"
Abell 144,A144,Galaxy Cluster,Auriga,11.388070677835742,-26.47770145122154,,120',3027811341,"Amas de galaxies Abell, richesse 2"
Abell 145,A145,Galaxy Cluster,Piscis Austrinus,10.446082769517243,50.86060697506289,,10',3477853001,"Amas de galaxies Abell, richesse 2"
Abell 146,A146,Galaxy Cluster,Fornax,23.515261133102,-58.70619214343209,,80',3504424490,"Amas de galaxies Abell, richesse 2"
Abell 147,A147,Galaxy Cluster,Cetus,1.0833,-2.2167,,25',2800000000,"Amas de galaxies Abell, richesse 1"
Abell 148,A148,Galaxy Cluster,Ursa Minor,14.748967175455629,42.35212184094928,,80',2737450476,"Amas de galaxies Abell, richesse 2"
Abell 149,A149,Galaxy Cluster,Hydra,16.710514094206502,-70.83818272642104,,45',3893176605,"Amas de galaxies Abell, richesse 2"
Abell 150,A150,Galaxy Cluster,Hercules,17.435720173740428,78.53587021160837,,60',2031506215,"Amas de galaxies Abell, richesse 2"
Abell 151,A151,Galaxy Cluster,Cetus,1.1167,-15.4167,,20',2200000000,"Amas de galaxies Abell, richesse 0"
Abell 152,A152,Galaxy Cluster,Capricornus,5.104266361186014,51.030664372116604,,45',2722802289,"Amas de galaxies Abell, richesse 1"
Abell 153,A153,Galaxy Cluster,Serpens,19.387231954847703,-77.5400589340382,,50',1831523620,"Amas de galaxies Abell, richesse 1"
Abell 154,A154,Galaxy Cluster,Corvus,9.04906583768953,30.803960763709966,,30',2059172111,"Amas de galaxies Abell, richesse 1"
Abell 155,A155,Galaxy Cluster,Columba,8.870365231035944,39.96952371603345,,60',1562405478,"Amas de galaxies Abell, richesse 0"
Abell 156,A156,Galaxy Cluster,Sextans,4.18479962613755,48.826620956717676,,50',1619795776,"Amas de galaxies Abell, richesse 1"
Abell 157,A157,Galaxy Cluster,Aquarius,11.743248436224782,76.3561988149641,,15',2235391269,"Amas de galaxies Abell, richesse 1"
Abell 158,A158,Galaxy Cluster,Pegasus,20.54209114768576,73.93592074050795,,10',1837488522,"Amas de galaxies Abell, richesse 2"
Abell 159,A159,Galaxy Cluster,Cetus,18.97626259926397,13.524675318598426,,120',3486732668,"Amas de galaxies Abell, richesse 2"
Abell 160,A160,Galaxy Cluster,Auriga,21.1803554676407,13.562555037928362,,35',3057784440,"Amas de galaxies Abell, richesse 2"
Abell 161,A161,Galaxy Cluster,Virgo,4.670402888192485,-5.4839092105616345,,10',2811621639,"Amas de galaxies Abell, richesse 2"
Abell 162,A162,Galaxy Cluster,Lepus,18.76458171656752,17.168850798271592,,35',3639521437,"Amas de galaxies Abell, richesse 1"
Abell 163,A163,Galaxy Cluster,Scorpius,13.54393381302238,13.164256601212614,,100',1510138693,"Amas de galaxies Abell, richesse 2"
Abell 164,A164,Galaxy Cluster,Vela,23.985640504547618,-42.52794208424478,,35',2202770187,"Amas de galaxies Abell, richesse 1"
Abell 165,A165,Galaxy Cluster,Capricornus,7.666299555441639,24.918138255177354,,35',2973302193,"Amas de galaxies Abell, richesse 2"
Abell 166,A166,Galaxy Cluster,Cetus,3.5848209500980106,20.600084448292037,,15',2225112590,"Amas de galaxies Abell, richesse 0"
Abell 167,A167,Galaxy Cluster,Cancer,2.8112507251455767,9.864182173195587,,30',2814447769,"Amas de galaxies Abell, richesse 1"
Abell 168,A168,Galaxy Cluster,Aries,1.25,0.25,,18',2100000000,"Amas de galaxies Abell, richesse 0"
Abell 169,A169,Galaxy Cluster,Vulpecula,3.8594162384464408,-65.50731375746204,,15',3640510341,"Amas de galaxies Abell, richesse 2"
Abell 170,A170,Galaxy Cluster,Lepus,17.23430331630112,-34.69148611742019,,20',3096766889,"Amas de galaxies Abell, richesse 2"
Abell 171,A171,Galaxy Cluster,Boötes,13.752844962469887,-13.572299628092466,,35',3461688005,"Amas de galaxies Abell, richesse 0"
Abell 172,A172,Galaxy Cluster,Columba,13.02768035323646,23.549852669128697,,60',3986250244,"Amas de galaxies Abell, richesse 2"
Abell 173,A173,Galaxy Cluster,Cygnus,18.17322089636206,40.22702209275212,,45',3894503440,"Amas de galaxies Abell, richesse 1"
Abell 174,A174,Galaxy Cluster,Lepus,11.792234889206512,75.62762722983334,,35',3130612551,"Amas de galaxies Abell, richesse 1"
Abell 175,A175,Galaxy Cluster,Cygnus,0.14176094321981036,-18.984183748754376,,60',1707959975,"Amas de galaxies Abell, richesse 2"
Abell 176,A176,Galaxy Cluster,Canis Minor,16.936607450490687,26.134106457835415,,100',1603163877,"Amas de galaxies Abell, richesse 1"
Abell 177,A177,Galaxy Cluster,Centaurus,11.383446037529874,59.485075398424584,,120',2195676427,"Amas de galaxies Abell, richesse 2"
Abell 178,A178,Galaxy Cluster,Columba,7.356995318890765,74.772662480312,,60',2532412805,"Amas de galaxies Abell, richesse 2"
Abell 179,A179,Galaxy Cluster,Pavo,16.97884771238812,-7.396866323215676,,35',2643362255,"Amas de galaxies Abell, richesse 1"
Abell 180,A180,Galaxy Cluster,Gemini,12.613059658933075,45.520693273748606,,100',2472557198,"Amas de galaxies Abell, richesse 2"
Abell 181,A181,Galaxy Cluster,Puppis,17.754440418633735,-52.63580281060563,,50',3378427153,"Amas de galaxies Abell, richesse 2"
Abell 182,A182,Galaxy Cluster,Canis Major,8.882671643218663,37.38259627026544,,100',1612033089,"Amas de galaxies Abell, richesse 2"
Abell 183,A183,Galaxy Cluster,Monoceros,23.830649133075546,-19.98963787114171,,100',2260163886,"Amas de galaxies Abell, richesse 1"
Abell 184,A184,Galaxy Cluster,Cetus,12.87253003904037,-15.077085638344414,,45',2025143883,"Amas de galaxies Abell, richesse 2"
Abell 185,A185,Galaxy Cluster,Crater,13.809462621408887,-57.13208827782091,,35',3248037320,"Amas de galaxies Abell, richesse 0"
Abell 186,A186,Galaxy Cluster,Lepus,18.359564188570108,-89.28321246999081,,25',3111005950,"Amas de galaxies Abell, richesse 2"
Abell 187,A187,Galaxy Cluster,Capricornus,5.1817347333622585,-75.5746204986782,,45',3429710716,"Amas de galaxies Abell, richesse 0"
Abell 188,A188,Galaxy Cluster,Corvus,14.888274645970323,27.44106359058263,,40',3611413079,"Amas de galaxies Abell, richesse 2"
Abell 189,A189,Galaxy Cluster,Virgo,4.8988857537072485,22.878452616343907,,40',2350909628,"Amas de galaxies Abell, richesse 0"
Abell 190,A190,Galaxy Cluster,Draco,10.000839651343263,86.41018664795848,,35',2610450605,"Amas de galaxies Abell, richesse 2"
Abell 191,A191,Galaxy Cluster,Crater,2.0228281425660786,-69.4579396262066,,30',2644596184,"Amas de galaxies Abell, richesse 2"
Abell 192,A192,Galaxy Cluster,Cetus,0.17900448477511688,56.88981298390249,,80',2065448363,"Amas de galaxies Abell, richesse 0"
Abell 193,A193,Galaxy Cluster,Pisces,1.4167,-1.3167,,22',2500000000,"Amas de galaxies Abell, richesse 1"
Abell 194,A194,Galaxy Cluster,Taurus,3.844858828187588,-78.65703707319045,,10',3306394048,"Amas de galaxies Abell, richesse 2"
Abell 195,A195,Galaxy Cluster,Ophiuchus,3.633586495369596,49.95268206358131,,100',3847573453,"Amas de galaxies Abell, richesse 2"
Abell 196,A196,Galaxy Cluster,Pyxis,14.825640241834519,-77.27110794779593,,50',3651232297,"Amas de galaxies Abell, richesse 1"
Abell 197,A197,Galaxy Cluster,Cancer,19.908498980877688,84.36482958872415,,60',2336265224,"Amas de galaxies Abell, richesse 2"
Abell 198,A198,Galaxy Cluster,Serpens,18.470237101337986,25.389690113241315,,15',2020092030,"Amas de galaxies Abell, richesse 0"
Abell 199,A199,Galaxy Cluster,Leo Minor,14.784105922194076,-52.65337158173284,,35',2396388745,"Amas de galaxies Abell, richesse 2"
Abell 200,A200,Galaxy Cluster,Puppis,1.909728983664893,-39.60684989515291,,20',2807110061,"Amas de galaxies Abell, richesse 2"
Abell 201,A201,Galaxy Cluster,Auriga,6.0698811384128275,-53.432375213688665,,15',3178648561,"Amas de galaxies Abell, richesse 2"
Abell 202,A202,Galaxy Cluster,Piscis Austrinus,15.271758241189684,14.648900747833764,,100',3724920986,"Amas de galaxies Abell, richesse 2"
Abell 203,A203,Galaxy Cluster,Centaurus,2.930683858093124,-75.56199687304913,,20',3299219594,"Amas de galaxies Abell, richesse 0"
Abell 204,A204,Galaxy Cluster,Corvus,3.7159183228908077,-42.39348168163201,,20',2887352530,"Amas de galaxies Abell, richesse 1"
Abell 205,A205,Galaxy Cluster,Pisces,4.334150759111797,-88.23162378111678,,40',2822701604,"Amas de galaxies Abell, richesse 0"
Abell 206,A206,Galaxy Cluster,Volans,10.574410677899175,-42.84268160711288,,35',2082084983,"Amas de galaxies Abell, richesse 1"
Abell 207,A207,Galaxy Cluster,Hydra,13.552250392276175,11.618883288214747,,100',3865791860,"Amas de galaxies Abell, richesse 0"
Abell 208,A208,Galaxy Cluster,Cepheus,16.30852246429773,80.4472168810706,,15',1553843287,"Amas de galaxies Abell, richesse 2"
Abell 209,A209,Galaxy Cluster,Capricornus,22.587799955717653,21.89309181981713,,50',2913928308,"Amas de galaxies Abell, richesse 0"
Abell 210,A210,Galaxy Cluster,Ophiuchus,22.011080787906632,9.91427639910195,,25',2332837794,"Amas de galaxies Abell, richesse 0"
Abell 211,A211,Galaxy Cluster,Eridanus,17.2168465258981,-71.98208257936594,,25',3795665959,"Amas de galaxies Abell, richesse 0"
Abell 212,A212,Galaxy Cluster,Hercules,15.091511750248161,21.66025670003188,,60',1515638733,"Amas de galaxies Abell, richesse 2"
Abell 213,A213,Galaxy Cluster,Eridanus,7.422235550542107,70.69658714025309,,40',3500009280,"Amas de galaxies Abell, richesse 0"
Abell 214,A214,Galaxy Cluster,Sagitta,21.079521577996427,-48.794830990063375,,30',3491475752,"Amas de galaxies Abell, richesse 2"
Abell 215,A215,Galaxy Cluster,Leo Minor,22.915439620923543,89.74443050317936,,20',3594103980,"Amas de galaxies Abell, richesse 2"
Abell 216,A216,Galaxy Cluster,Orion,3.6636742258375605,-89.30952673407563,,20',1513091177,"Amas de galaxies Abell, richesse 2"
Abell 217,A217,Galaxy Cluster,Hercules,14.215966351956956,-54.87448258063585,,80',3514795430,"Amas de galaxies Abell, richesse 2"
Abell 218,A218,Galaxy Cluster,Capricornus,8.127453839043365,-3.1610394881089263,,35',1521812776,"Amas de galaxies Abell, richesse 1"
Abell 219,A219,Galaxy Cluster,Pegasus,9.454276514898908,-18.326429037901974,,80',2282458659,"Amas de galaxies Abell, richesse 1"
Abell 220,A220,Galaxy Cluster,Sagitta,8.151292640632146,69.77269065608445,,45',1899544793,"Amas de galaxies Abell, richesse 0"
Abell 221,A221,Galaxy Cluster,Orion,20.251439119512597,4.45823595900039,,15',2316855313,"Amas de galaxies Abell, richesse 2"
Abell 222,A222,Galaxy Cluster,Sagitta,23.38702437047318,43.68925150650901,,50',3412698259,"Amas de galaxies Abell, richesse 0"
Abell 223,A223,Galaxy Cluster,Corona Borealis,3.410580119123451,-53.05914480659807,,10',2593442277,"Amas de galaxies Abell, richesse 2"
Abell 224,A224,Galaxy Cluster,Centaurus,23.292098491501907,-34.528786508841755,,35',2203849601,"Amas de galaxies Abell, richesse 0"
Abell 225,A225,Galaxy Cluster,Pavo,15.167277820312384,0.24427966137929502,,10',2274731154,"Amas de galaxies Abell, richesse 2"
Abell 226,A226,Galaxy Cluster,Serpens,23.19083432059815,57.07728265831244,,50',2431390599,"Amas de galaxies Abell, richesse 0"
Abell 227,A227,Galaxy Cluster,Ophiuchus,6.348944398336623,76.10514112174798,,30',2000542298,"Amas de galaxies Abell, richesse 2"
Abell 228,A228,Galaxy Cluster,Lepus,12.91335268691115,27.56609355880539,,100',3181091891,"Amas de galaxies Abell, richesse 1"
Abell 229,A229,Galaxy Cluster,Taurus,10.39202895078201,-21.15915934321383,,20',1542123397,"Amas de galaxies Abell, richesse 1"
Abell 230,A230,Galaxy Cluster,Hercules,14.686261971189062,-79.17987034520723,,15',1981481996,"Amas de galaxies Abell, richesse 1"
Abell 231,A231,Galaxy Cluster,Canis Minor,9.295537036785232,-45.84053899913465,,45',3097679173,"Amas de galaxies Abell, richesse 0"
Abell 232,A232,Galaxy Cluster,Tucana,21.73020990924987,-75.55951742922736,,40',2381028251,"Amas de galaxies Abell, richesse 2"
Abell 233,A233,Galaxy Cluster,Vulpecula,7.754436928526158,11.122515834592136,,80',1692334769,"Amas de galaxies Abell, richesse 1"
Abell 234,A234,Galaxy Cluster,Pisces,17.167776903259316,-87.08248987265017,,15',2215828384,"Amas de galaxies Abell, richesse 2"
Abell 235,A235,Galaxy Cluster,Pavo,20.207977698186923,-48.679710820306816,,100',2061432335,"Amas de galaxies Abell, richesse 1"
Abell 236,A236,Galaxy Cluster,Canis Minor,8.746895633036646,47.336353801665354,,100',3368651819,"Amas de galaxies Abell, richesse 0"
Abell 237,A237,Galaxy Cluster,Cepheus,14.18223790170833,48.11684544236584,,20',2413640742,"Amas de galaxies Abell, richesse 1"
Abell 238,A238,Galaxy Cluster,Sagittarius,22.58363248464629,1.5782701417646479,,10',1744442821,"Amas de galaxies Abell, richesse 0"
Abell 239,A239,Galaxy Cluster,Centaurus,22.36266668988135,-69.27710262072554,,20',3568826931,"Amas de galaxies Abell, richesse 0"
Abell 240,A240,Galaxy Cluster,Ursa Major,6.285788174633894,88.64073449402275,,15',2286756659,"Amas de galaxies Abell, richesse 1"
Abell 241,A241,Galaxy Cluster,Lepus,22.764679271793536,-54.776248992387885,,45',3349537894,"Amas de galaxies Abell, richesse 0"
Abell 242,A242,Galaxy Cluster,Gemini,9.538616298100575,-81.37369776643689,,40',1684467632,"Amas de galaxies Abell, richesse 2"
Abell 243,A243,Galaxy Cluster,Pegasus,1.4107685004509953,-28.724527408752998,,80',2309944303,"Amas de galaxies Abell, richesse 1"
Abell 244,A244,Galaxy Cluster,Columba,7.583180787247213,-79.7793259006401,,25',3197080991,"Amas de galaxies Abell, richesse 1"
Abell 245,A245,Galaxy Cluster,Sagittarius,16.7943994957486,-65.2141210685441,,20',2616981872,"Amas de galaxies Abell, richesse 0"
Abell 246,A246,Galaxy Cluster,Ursa Minor,4.1632405233590575,15.38140390241196,,100',3939352343,"Amas de galaxies Abell, richesse 1"
Abell 247,A247,Galaxy Cluster,Cassiopeia,18.683658752788723,-71.43364786218827,,15',3321345290,"Amas de galaxies Abell, richesse 2"
Abell 248,A248,Galaxy Cluster,Delphinus,17.021974933651702,23.850388190549012,,30',2547043021,"Amas de galaxies Abell, richesse 1"
Abell 249,A249,Galaxy Cluster,Hydra,20.307995777168202,-17.512620418153972,,45',2608132663,"Amas de galaxies Abell, richesse 0"
Abell 250,A250,Galaxy Cluster,Sculptor,14.06976274987992,-80.57831735096342,,60',2400188703,"Amas de galaxies Abell, richesse 1"
Abell 251,A251,Galaxy Cluster,Sagittarius,23.903986280765295,5.137758775822888,,20',3636460678,"Amas de galaxies Abell, richesse 1"
Abell 252,A252,Galaxy Cluster,Auriga,6.445811696348088,-59.05202842338572,,100',1545471264,"Amas de galaxies Abell, richesse 1"
Abell 253,A253,Galaxy Cluster,Fornax,0.2584913425310118,37.14360341794098,,80',3205190324,"Amas de galaxies Abell, richesse 1"
Abell 254,A254,Galaxy Cluster,Scorpius,5.502248203130226,11.74453064509116,,60',3112987608,"Amas de galaxies Abell, richesse 1"
Abell 255,A255,Galaxy Cluster,Puppis,17.78079520363424,-43.65762420750118,,30',3939793597,"Amas de galaxies Abell, richesse 0"
Abell 256,A256,Galaxy Cluster,Volans,4.257814140833074,28.934855521498335,,25',3827246953,"Amas de galaxies Abell, richesse 0"
Abell 257,A257,Galaxy Cluster,Pyxis,21.80717968927051,57.68249547886023,,30',3538191825,"Amas de galaxies Abell, richesse 1"
Abell 258,A258,Galaxy Cluster,Centaurus,6.599329160619027,76.36729667406513,,120',2776727158,"Amas de galaxies Abell, richesse 0"
Abell 259,A259,Galaxy Cluster,Puppis,19.598875185235617,29.7221482388822,,30',3066307588,"Amas de galaxies Abell, richesse 2"
Abell 260,A260,Galaxy Cluster,Pisces,13.470492987243764,-81.03336818239335,,80',1631208982,"Amas de galaxies Abell, richesse 2"
Abell 261,A261,Galaxy Cluster,Hercules,15.044533420550792,21.699425342216273,,50',3245400927,"Amas de galaxies Abell, richesse 0"
Abell 262,A262,Galaxy Cluster,Andromeda,1.875,36.15,,35',1600000000,"Amas de galaxies Abell, richesse 1"
Abell 263,A263,Galaxy Cluster,Eridanus,20.063723142110675,80.84681941415215,,80',2008192704,"Amas de galaxies Abell, richesse 2"
Abell 264,A264,Galaxy Cluster,Pavo,9.923010347859709,-73.69575686394421,,80',2249310477,"Amas de galaxies Abell, richesse 2"
Abell 265,A265,Galaxy Cluster,Sagittarius,20.8262827638945,72.98356359766566,,80',2315905134,"Amas de galaxies Abell, richesse 2"
Abell 266,A266,Galaxy Cluster,Libra,22.076196733552578,-67.57867634047938,,20',2021212928,"Amas de galaxies Abell, richesse 2"
Abell 267,A267,Galaxy Cluster,Virgo,22.000531181336868,-9.153996642945017,,40',2298532771,"Amas de galaxies Abell, richesse 0"
Abell 268,A268,Galaxy Cluster,Lyra,19.068626206993418,57.00558298650577,,15',1709138438,"Amas de galaxies Abell, richesse 1"
Abell 269,A269,Galaxy Cluster,Leo Minor,20.936798620547624,-70.02195899296763,,120',3439195511,"Amas de galaxies Abell, richesse 2"
Abell 270,A270,Galaxy Cluster,Aries,17.901224867496065,-79.42524255197765,,15',3808835937,"Amas de galaxies Abell, richesse 1"
Abell 271,A271,Galaxy Cluster,Ophiuchus,14.436916777359976,4.941375968803172,,45',2643177870,"Amas de galaxies Abell, richesse 0"
Abell 272,A272,Galaxy Cluster,Delphinus,16.15492117131575,59.07298016084411,,45',3972005337,"Amas de galaxies Abell, richesse 1"
Abell 273,A273,Galaxy Cluster,Columba,17.850779352219657,69.35812593167543,,10',2237294235,"Amas de galaxies Abell, richesse 0"
Abell 274,A274,Galaxy Cluster,Ophiuchus,5.628766849858875,8.366071589542202,,80',2606787087,"Amas de galaxies Abell, richesse 1"
Abell 275,A275,Galaxy Cluster,Aries,3.936506907636411,-40.84285330215046,,120',2521045779,"Amas de galaxies Abell, richesse 0"
Abell 276,A276,Galaxy Cluster,Libra,15.831188966325247,-56.61438780264171,,25',2508736340,"Amas de galaxies Abell, richesse 2"
Abell 277,A277,Galaxy Cluster,Crater,18.819031161972816,-34.255746447444764,,40',2336515462,"Amas de galaxies Abell, richesse 2"
Abell 278,A278,Galaxy Cluster,Triangulum,16.814575964999413,3.607369140287645,,50',1802343836,"Amas de galaxies Abell, richesse 2"
Abell 279,A279,Galaxy Cluster,Centaurus,14.636622705917148,-87.8836224206885,,50',3661170453,"Amas de galaxies Abell, richesse 2"
Abell 280,A280,Galaxy Cluster,Orion,7.822947925347157,-17.69084144233433,,60',3850235375,"Amas de galaxies Abell, richesse 0"
Abell 281,A281,Galaxy Cluster,Corvus,6.294226817615657,-51.30136661212247,,10',2907544254,"Amas de galaxies Abell, richesse 0"
Abell 282,A282,Galaxy Cluster,Ursa Major,1.6704242959640165,44.1914409935554,,60',3089088054,"Amas de galaxies Abell, richesse 0"
Abell 283,A283,Galaxy Cluster,Eridanus,2.163322632165208,69.71689940562925,,35',1663325414,"Amas de galaxies Abell, richesse 2"
Abell 284,A284,Galaxy Cluster,Triangulum,2.036652104691405,-81.56157579732178,,10',1560114321,"Amas de galaxies Abell, richesse 0"
Abell 285,A285,Galaxy Cluster,Lyra,9.34819588249012,82.70883940328164,,10',1519861478,"Amas de galaxies Abell, richesse 1"
Abell 286,A286,Galaxy Cluster,Hydra,5.196070128575619,54.60383253433224,,60',1792489395,"Amas de galaxies Abell, richesse 1"
Abell 287,A287,Galaxy Cluster,Scorpius,8.761815202972532,47.2826697711385,,25',2431993706,"Amas de galaxies Abell, richesse 1"
Abell 288,A288,Galaxy Cluster,Cassiopeia,12.237809707285408,-10.713117301554902,,60',3288991464,"Amas de galaxies Abell, richesse 2"
Abell 289,A289,Galaxy Cluster,Libra,4.131315466945086,-80.97709445989275,,10',3413773204,"Amas de galaxies Abell, richesse 2"
Abell 290,A290,Galaxy Cluster,Canis Minor,8.606943609307473,11.593971041847936,,35',2509030391,"Amas de galaxies Abell, richesse 2"
Abell 291,A291,Galaxy Cluster,Triangulum,13.880785126629764,-78.39359528829154,,10',3409784203,"Amas de galaxies Abell, richesse 0"
Abell 292,A292,Galaxy Cluster,Fornax,14.513317418354083,21.32965594660193,,100',3944459633,"Amas de galaxies Abell, richesse 0"
Abell 293,A293,Galaxy Cluster,Perseus,23.303491624995303,69.47065883427223,,60',2702607962,"Amas de galaxies Abell, richesse 1"
Abell 294,A294,Galaxy Cluster,Cancer,3.006708836636469,-26.112317358620842,,30',1604436472,"Amas de galaxies Abell, richesse 1"
Abell 295,A295,Galaxy Cluster,Cancer,5.296381907318898,-27.814684941023778,,30',3327526970,"Amas de galaxies Abell, richesse 2"
Abell 296,A296,Galaxy Cluster,Coma Berenices,11.45520862470873,63.89425777694444,,60',2901748088,"Amas de galaxies Abell, richesse 0"
Abell 297,A297,Galaxy Cluster,Ursa Minor,12.942690837966882,38.35232792026727,,40',1837856113,"Amas de galaxies Abell, richesse 0"
Abell 298,A298,Galaxy Cluster,Andromeda,20.451704492706096,-36.859808772723014,,15',3596932651,"Amas de galaxies Abell, richesse 2"
Abell 299,A299,Galaxy Cluster,Delphinus,7.380026634644218,38.728659806638575,,45',3047780048,"Amas de galaxies Abell, richesse 0"
Abell 300,A300,Galaxy Cluster,Andromeda,11.614248860718039,-21.201245205809997,,100',3130189477,"Amas de galaxies Abell, richesse 1"
Abell 301,A301,Galaxy Cluster,Capricornus,8.176329215838164,58.028598125155554,,15',3755367507,"Amas de galaxies Abell, richesse 0"
Abell 302,A302,Galaxy Cluster,Hydra,18.804275168265637,-22.292440414211,,35',3008737101,"Amas de galaxies Abell, richesse 2"
Abell 303,A303,Galaxy Cluster,Ursa Minor,15.497992848794599,42.092710422427245,,35',2159078898,"Amas de galaxies Abell, richesse 0"
Abell 304,A304,Galaxy Cluster,Serpens,8.960452083656197,67.47668247152285,,35',2207923098,"Amas de galaxies Abell, richesse 0"
Abell 305,A305,Galaxy Cluster,Delphinus,20.968638388528667,-23.594906876758287,,40',3306408809,"Amas de galaxies Abell, richesse 0"
Abell 306,A306,Galaxy Cluster,Cygnus,21.698526457889788,-24.567303960038913,,35',3001406418,"Amas de galaxies Abell, richesse 1"
Abell 307,A307,Galaxy Cluster,Cancer,19.182177161604404,46.30935185487061,,100',3735333561,"Amas de galaxies Abell, richesse 2"
Abell 308,A308,Galaxy Cluster,Perseus,9.102659994197836,-55.37874427878309,,50',2582571464,"Amas de galaxies Abell, richesse 2"
Abell 309,A309,Galaxy Cluster,Hercules,19.393001597025293,-54.16518810442934,,80',2205694731,"Amas de galaxies Abell, richesse 1"
Abell 310,A310,Galaxy Cluster,Sagitta,5.185570422566057,27.13730144860662,,10',2856874868,"Amas de galaxies Abell, richesse 0"
Abell 311,A311,Galaxy Cluster,Lynx,12.626854243103075,65.81394937354611,,100',2940272315,"Amas de galaxies Abell, richesse 2"
Abell 312,A312,Galaxy Cluster,Boötes,8.53209260063851,56.42406420538316,,45',2977633585,"Amas de galaxies Abell, richesse 1"
Abell 313,A313,Galaxy Cluster,Serpens,22.413000366933304,-84.68601093177317,,10',1844606790,"Amas de galaxies Abell, richesse 0"
Abell 314,A314,Galaxy Cluster,Virgo,8.612350300943548,65.69993437742247,,60',3521842766,"Amas de galaxies Abell, richesse 1"
Abell 315,A315,Galaxy Cluster,Centaurus,11.414279208373374,50.71741623315282,,40',3641195538,"Amas de galaxies Abell, richesse 1"
Abell 316,A316,Galaxy Cluster,Cetus,22.921795482637606,83.22638754859094,,25',1550549096,"Amas de galaxies Abell, richesse 1"
Abell 317,A317,Galaxy Cluster,Pegasus,17.271534873601823,52.89567885991434,,45',2570267469,"Amas de galaxies Abell, richesse 0"
Abell 318,A318,Galaxy Cluster,Capricornus,17.330174324141254,-78.41790278926766,,20',2520591670,"Amas de galaxies Abell, richesse 2"
Abell 319,A319,Galaxy Cluster,Piscis Austrinus,16.15704768170729,-68.4568285755787,,80',3944121569,"Amas de galaxies Abell, richesse 0"
Abell 320,A320,Galaxy Cluster,Taurus,1.0205511768139868,78.46540836493935,,15',3905014196,"Amas de galaxies Abell, richesse 2"
Abell 321,A321,Galaxy Cluster,Hydra,11.567265414740861,-44.77979572857754,,35',2010851874,"Amas de galaxies Abell, richesse 0"
Abell 322,A322,Galaxy Cluster,Libra,22.403105536342313,-67.11426407689922,,20',2159922403,"Amas de galaxies Abell, richesse 1"
Abell 323,A323,Galaxy Cluster,Sagitta,0.8184459588581063,43.341211617074066,,50',2357601666,"Amas de galaxies Abell, richesse 2"
Abell 324,A324,Galaxy Cluster,Vulpecula,12.623075520592419,-28.93623291996947,,45',1889176556,"Amas de galaxies Abell, richesse 1"
Abell 325,A325,Galaxy Cluster,Pegasus,14.815517609969582,-38.01966615700936,,15',3470251590,"Amas de galaxies Abell, richesse 2"
Abell 326,A326,Galaxy Cluster,Sagittarius,3.4786990582256028,84.79675128374646,,10',3561102427,"Amas de galaxies Abell, richesse 2"
Abell 327,A327,Galaxy Cluster,Hercules,9.876473685079137,59.58948846611162,,25',1551732526,"Amas de galaxies Abell, richesse 1"
Abell 328,A328,Galaxy Cluster,Vulpecula,19.170448480827364,-64.13489067506995,,20',3338102997,"Amas de galaxies Abell, richesse 0"
Abell 329,A329,Galaxy Cluster,Ursa Major,18.240773241556482,7.375500710525415,,100',3549526934,"Amas de galaxies Abell, richesse 1"
Abell 330,A330,Galaxy Cluster,Ursa Minor,21.60881176412377,10.136455662881602,,35',3121797356,"Amas de galaxies Abell, richesse 1"
Abell 331,A331,Galaxy Cluster,Capricornus,19.638280843117585,-40.36378801939098,,80',2187576097,"Amas de galaxies Abell, richesse 2"
Abell 332,A332,Galaxy Cluster,Monoceros,10.315558628424611,-62.840998270431264,,10',2447889087,"Amas de galaxies Abell, richesse 2"
Abell 333,A333,Galaxy Cluster,Pegasus,15.674448680372308,-25.86152621429987,,25',1940334509,"Amas de galaxies Abell, richesse 2"
Abell 334,A334,Galaxy Cluster,Aquarius,6.2705558681574844,-21.03947896408809,,100',1622954748,"Amas de galaxies Abell, richesse 2"
Abell 335,A335,Galaxy Cluster,Aquarius,10.784496626539486,-77.23050039058198,,100',3291411673,"Amas de galaxies Abell, richesse 2"
Abell 336,A336,Galaxy Cluster,Vulpecula,12.469293110176581,47.79980422488791,,45',3090070130,"Amas de galaxies Abell, richesse 2"
Abell 337,A337,Galaxy Cluster,Tucana,17.813284044473683,46.14657311474238,,80',1995253684,"Amas de galaxies Abell, richesse 0"
Abell 338,A338,Galaxy Cluster,Ursa Minor,11.748251924344768,-62.992219670743054,,50',2071276056,"Amas de galaxies Abell, richesse 1"
Abell 339,A339,Galaxy Cluster,Pegasus,3.987205674810065,-51.45153183795717,,35',2004062148,"Amas de galaxies Abell, richesse 0"
Abell 340,A340,Galaxy Cluster,Orion,7.2453818385295925,4.7347213234710495,,20',3610794823,"Amas de galaxies Abell, richesse 2"
Abell 341,A341,Galaxy Cluster,Piscis Austrinus,16.6431128809238,53.055414362176606,,100',3928304879,"Amas de galaxies Abell, richesse 2"
Abell 342,A342,Galaxy Cluster,Cepheus,6.3472693284430335,-57.93626301128103,,40',2932490659,"Amas de galaxies Abell, richesse 2"
Abell 343,A343,Galaxy Cluster,Lynx,23.104962568021083,-57.86777176150109,,25',2250802447,"Amas de galaxies Abell, richesse 2"
Abell 344,A344,Galaxy Cluster,Canis Major,23.661097746317896,5.077268032849602,,60',2900730425,"Amas de galaxies Abell, richesse 1"
Abell 345,A345,Galaxy Cluster,Delphinus,11.31786230796642,-44.93376124786065,,25',2614643128,"Amas de galaxies Abell, richesse 1"
Abell 346,A346,Galaxy Cluster,Aries,20.548241385589087,-63.328599939350504,,30',2263993535,"Amas de galaxies Abell, richesse 1"
Abell 347,A347,Galaxy Cluster,Cetus,2.4333,-11.75,,15',2900000000,"Amas de galaxies Abell, richesse 0"
Abell 348,A348,Galaxy Cluster,Ursa Major,20.350982873422307,-48.59451417954934,,45',2439454486,"Amas de galaxies Abell, richesse 1"
Abell 349,A349,Galaxy Cluster,Andromeda,16.07505515935221,87.47363855560809,,40',2075512082,"Amas de galaxies Abell, richesse 2"
Abell 350,A350,Galaxy Cluster,Aries,20.82748691729023,70.08032389268212,,50',3601943065,"Amas de galaxies Abell, richesse 0"
Abell 351,A351,Galaxy Cluster,Crater,19.49167191963418,-15.776823021109024,,100',2156307847,"Amas de galaxies Abell, richesse 0"
Abell 352,A352,Galaxy Cluster,Crater,12.237547400970556,-87.71627300505784,,60',2220780042,"Amas de galaxies Abell, richesse 1"
Abell 353,A353,Galaxy Cluster,Gemini,23.19639151429522,28.19878099633037,,45',2863039823,"Amas de galaxies Abell, richesse 0"
Abell 354,A354,Galaxy Cluster,Coma Berenices,16.94323346072145,-57.932666680043816,,120',3637065657,"Amas de galaxies Abell, richesse 2"
Abell 355,A355,Galaxy Cluster,Cetus,2.3969087496212067,-61.57565329538984,,60',3199297304,"Amas de galaxies Abell, richesse 0"
Abell 356,A356,Galaxy Cluster,Taurus,2.869966669240779,-40.908299830395585,,120',3821319868,"Amas de galaxies Abell, richesse 1"
Abell 357,A357,Galaxy Cluster,Boötes,10.25352662338317,-7.844473187721931,,45',2143925595,"Amas de galaxies Abell, richesse 1"
Abell 358,A358,Galaxy Cluster,Ursa Minor,1.2945540514470508,11.759903492883083,,60',3914624504,"Amas de galaxies Abell, richesse 0"
Abell 359,A359,Galaxy Cluster,Canis Minor,14.390766735675761,5.133096953276166,,10',2270779347,"Amas de galaxies Abell, richesse 0"
Abell 360,A360,Galaxy Cluster,Ursa Minor,19.443774928421007,66.44471741011574,,60',3681336552,"Amas de galaxies Abell, richesse 1"
Abell 361,A361,Galaxy Cluster,Pisces,0.02220791952402479,3.0635033088687464,,100',2115011773,"Amas de galaxies Abell, richesse 2"
Abell 362,A362,Galaxy Cluster,Ursa Major,11.189652175088082,79.17002733752861,,35',2458518272,"Amas de galaxies Abell, richesse 0"
Abell 363,A363,Galaxy Cluster,Delphinus,20.30043642531497,9.877430419410572,,100',1944750148,"Amas de galaxies Abell, richesse 1"
Abell 364,A364,Galaxy Cluster,Cetus,8.54055726832025,-23.632876765765488,,80',3430104806,"Amas de galaxies Abell, richesse 2"
Abell 365,A365,Galaxy Cluster,Ophiuchus,16.66946661343549,37.71992339990953,,120',3102449246,"Amas de galaxies Abell, richesse 0"
Abell 366,A366,Galaxy Cluster,Crater,21.56081494387184,-40.658673251017845,,20',3751665372,"Amas de galaxies Abell, richesse 0"
Abell 367,A367,Galaxy Cluster,Cassiopeia,12.535277527377538,-79.01235511180903,,80',2714797970,"Amas de galaxies Abell, richesse 0"
Abell 368,A368,Galaxy Cluster,Corona Borealis,10.496260679731037,-82.89651302026391,,80',3822623637,"Amas de galaxies Abell, richesse 0"
Abell 369,A369,Galaxy Cluster,Sagitta,18.393965002204624,5.201675025121844,,120',3318752020,"Amas de galaxies Abell, richesse 2"
Abell 370,A370,Galaxy Cluster,Tucana,2.789219710503117,-60.04726787103681,,30',1642027647,"Amas de galaxies Abell, richesse 1"
Abell 371,A371,Galaxy Cluster,Taurus,6.586835145280797,-34.002384991682725,,80',2448915233,"Amas de galaxies Abell, richesse 1"
Abell 372,A372,Galaxy Cluster,Hercules,19.186816340035485,-84.14403313055931,,30',3829931070,"Amas de galaxies Abell, richesse 0"
Abell 373,A373,Galaxy Cluster,Scorpius,6.4453911750796244,13.104888094152116,,80',3105035343,"Amas de galaxies Abell, richesse 2"
Abell 374,A374,Galaxy Cluster,Columba,21.11856495022742,50.788782820272985,,10',3591408880,"Amas de galaxies Abell, richesse 2"
Abell 375,A375,Galaxy Cluster,Cancer,12.667169633527422,-71.1075523590346,,35',2133728936,"Amas de galaxies Abell, richesse 0"
Abell 376,A376,Galaxy Cluster,Cetus,2.7167,-39.95,,12',3100000000,"Amas de galaxies Abell, richesse 0"
Abell 377,A377,Galaxy Cluster,Sextans,7.284592338325005,3.0358380905361884,,45',1947253566,"Amas de galaxies Abell, richesse 1"
Abell 378,A378,Galaxy Cluster,Triangulum,18.06713645798223,-40.8653894745329,,50',2993337666,"Amas de galaxies Abell, richesse 1"
Abell 379,A379,Galaxy Cluster,Leo,3.667899691965429,27.70872324859708,,60',2421697042,"Amas de galaxies Abell, richesse 0"
Abell 380,A380,Galaxy Cluster,Canis Minor,13.148783886523152,-51.472010426341924,,35',2812775486,"Amas de galaxies Abell, richesse 1"
Abell 381,A381,Galaxy Cluster,Sculptor,11.239931711420141,61.7449246540225,,40',2034346935,"Amas de galaxies Abell, richesse 1"
Abell 382,A382,Galaxy Cluster,Volans,10.209072095594113,-65.12205160992526,,30',1633098931,"Amas de galaxies Abell, richesse 2"
Abell 383,A383,Galaxy Cluster,Eridanus,21.000975677989413,-5.920707312752043,,25',3234646349,"Amas de galaxies Abell, richesse 2"
Abell 384,A384,Galaxy Cluster,Lepus,2.9727173228628665,-42.10586102413085,,60',2128377622,"Amas de galaxies Abell, richesse 1"
Abell 385,A385,Galaxy Cluster,Andromeda,2.8399298536033477,-47.255283753480136,,60',2848440685,"Amas de galaxies Abell, richesse 0"
Abell 386,A386,Galaxy Cluster,Capricornus,18.64167018768207,-80.50158856492743,,15',1941610907,"Amas de galaxies Abell, richesse 0"
Abell 387,A387,Galaxy Cluster,Cetus,22.52341062723446,48.267715680997384,,40',1622404260,"Amas de galaxies Abell, richesse 1"
Abell 388,A388,Galaxy Cluster,Eridanus,8.708005039353587,22.52286433265975,,60',3009550021,"Amas de galaxies Abell, richesse 2"
Abell 389,A389,Galaxy Cluster,Monoceros,22.26917507415508,24.39357010799135,,20',2563015082,"Amas de galaxies Abell, richesse 2"
Abell 390,A390,Galaxy Cluster,Corona Borealis,7.282384143382578,6.253527878388212,,30',2879209763,"Amas de galaxies Abell, richesse 1"
Abell 391,A391,Galaxy Cluster,Coma Berenices,10.96878724454711,-42.266564573293394,,15',2078977852,"Amas de galaxies Abell, richesse 1"
Abell 392,A392,Galaxy Cluster,Puppis,19.670304650057872,63.63839006641362,,20',3885541048,"Amas de galaxies Abell, richesse 2"
Abell 393,A393,Galaxy Cluster,Virgo,14.496840460397978,-44.59165360462664,,35',3788500841,"Amas de galaxies Abell, richesse 2"
Abell 394,A394,Galaxy Cluster,Orion,16.96305418378594,59.038056992191514,,20',2340931663,"Amas de galaxies Abell, richesse 2"
Abell 395,A395,Galaxy Cluster,Auriga,2.7139273300912583,87.42160731621382,,25',2352293875,"Amas de galaxies Abell, richesse 2"
Abell 396,A396,Galaxy Cluster,Puppis,10.681438899469597,-54.35043608576434,,20',1597585208,"Amas de galaxies Abell, richesse 1"
Abell 397,A397,Galaxy Cluster,Sculptor,23.273480097508656,-20.398034790161475,,15',3094720702,"Amas de galaxies Abell, richesse 1"
Abell 398,A398,Galaxy Cluster,Lepus,11.657065513856534,83.82542055599149,,35',1763505582,"Amas de galaxies Abell, richesse 2"
Abell 399,A399,Galaxy Cluster,Capricornus,12.252313789258558,-44.304206240729634,,10',3939935187,"Amas de galaxies Abell, richesse 0"
Abell 400,A400,Galaxy Cluster,Pisces,2.9667,-21.7833,,28',2700000000,"Amas de galaxies Abell, richesse 1"
Abell 401,A401,Galaxy Cluster,Volans,3.3321120259873087,-65.41569698326941,,20',3445270114,"Amas de galaxies Abell, richesse 0"
Abell 402,A402,Galaxy Cluster,Ophiuchus,7.614576067663042,-58.543519129517904,,120',2024877864,"Amas de galaxies Abell, richesse 1"
Abell 403,A403,Galaxy Cluster,Fornax,16.7482190076289,84.23311492562613,,25',3909838916,"Amas de galaxies Abell, richesse 1"
Abell 404,A404,Galaxy Cluster,Columba,15.656212891248604,-16.021791398634264,,25',2843809692,"Amas de galaxies Abell, richesse 1"
Abell 405,A405,Galaxy Cluster,Hydra,6.311462970380104,78.33302901800818,,10',2860845071,"Amas de galaxies Abell, richesse 0"
Abell 406,A406,Galaxy Cluster,Sagitta,2.3218301116499935,-78.49360769769109,,10',2208173208,"Amas de galaxies Abell, richesse 2"
Abell 407,A407,Galaxy Cluster,Aquila,3.6419825970599335,36.82344045062332,,10',1759113741,"Amas de galaxies Abell, richesse 2"
Abell 408,A408,Galaxy Cluster,Gemini,17.719223625049928,-48.73660525087569,,50',3978429302,"Amas de galaxies Abell, richesse 0"
Abell 409,A409,Galaxy Cluster,Ursa Major,20.868264792534305,84.04525849895649,,60',1512658725,"Amas de galaxies Abell, richesse 0"
Abell 410,A410,Galaxy Cluster,Coma Berenices,16.66975915941781,54.13185590870114,,50',2857650745,"Amas de galaxies Abell, richesse 2"
Abell 411,A411,Galaxy Cluster,Fornax,13.756528000345835,-8.380467967796335,,15',2242521543,"Amas de galaxies Abell, richesse 1"
Abell 412,A412,Galaxy Cluster,Cetus,4.761217507367348,58.02134947459629,,45',3357892000,"Amas de galaxies Abell, richesse 0"
Abell 413,A413,Galaxy Cluster,Libra,20.802127104861462,51.10479711200935,,80',2293678788,"Amas de galaxies Abell, richesse 0"
Abell 414,A414,Galaxy Cluster,Capricornus,14.762888891044945,-67.00507826439798,,35',2584934742,"Amas de galaxies Abell, richesse 1"
Abell 415,A415,Galaxy Cluster,Eridanus,22.626813372328115,-42.40237234969892,,30',3365356982,"Amas de galaxies Abell, richesse 2"
Abell 416,A416,Galaxy Cluster,Pyxis,5.9644145048356885,-57.3585653566551,,45',2452227665,"Amas de galaxies Abell, richesse 0"
Abell 417,A417,Galaxy Cluster,Centaurus,23.96337185385731,29.240766294245134,,20',1620861143,"Amas de galaxies Abell, richesse 1"
Abell 418,A418,Galaxy Cluster,Sculptor,5.627016296450168,50.26277948336988,,10',2023461773,"Amas de galaxies Abell, richesse 2"
Abell 419,A419,Galaxy Cluster,Cygnus,4.812094827600391,84.29345108819913,,30',3979006979,"Amas de galaxies Abell, richesse 1"
Abell 420,A420,Galaxy Cluster,Canis Minor,10.032203435662469,-79.4604118509969,,80',3199959181,"Amas de galaxies Abell, richesse 0"
Abell 421,A421,Galaxy Cluster,Leo,10.19815640511121,63.143129065897966,,45',2142374821,"Amas de galaxies Abell, richesse 1"
Abell 422,A422,Galaxy Cluster,Lynx,23.16510970322377,14.944949106168096,,100',2670657283,"Amas de galaxies Abell, richesse 0"
Abell 423,A423,Galaxy Cluster,Aquila,6.258224866510314,38.85338585683485,,60',1840337440,"Amas de galaxies Abell, richesse 1"
Abell 424,A424,Galaxy Cluster,Volans,3.3229288224708045,42.24474238870715,,80',2832646598,"Amas de galaxies Abell, richesse 2"
Abell 425,A425,Galaxy Cluster,Tucana,16.597156617957186,39.415889787564,,80',2861930126,"Amas de galaxies Abell, richesse 0"
Abell 426,Amas de Persée,Galaxy Cluster,Perseus,3.3167,41.5167,,120',2400000000,"Amas de galaxies de Persée, richesse 2"
Abell 427,A427,Galaxy Cluster,Pyxis,2.7105686954025243,18.08698395679808,,60',2625499084,"Amas de galaxies Abell, richesse 1"
Abell 428,A428,Galaxy Cluster,Sculptor,11.421730285432341,-85.84008316330078,,20',1995517676,"Amas de galaxies Abell, richesse 2"
Abell 429,A429,Galaxy Cluster,Ursa Major,18.85105549669737,66.8959338428472,,50',2717963346,"Amas de galaxies Abell, richesse 1"
Abell 430,A430,Galaxy Cluster,Coma Berenices,6.849391300958692,-18.18047346568372,,60',1745369971,"Amas de galaxies Abell, richesse 2"
Abell 431,A431,Galaxy Cluster,Orion,9.27901289279699,41.87072469003266,,35',3735318419,"Amas de galaxies Abell, richesse 1"
Abell 432,A432,Galaxy Cluster,Lepus,23.351925059703493,88.60804868952556,,80',3477698012,"Amas de galaxies Abell, richesse 0"
Abell 433,A433,Galaxy Cluster,Draco,8.246966240355505,-78.04942858169852,,20',2813237803,"Amas de galaxies Abell, richesse 0"
Abell 434,A434,Galaxy Cluster,Coma Berenices,15.92886640298881,-85.79742019984823,,120',2782571720,"Amas de galaxies Abell, richesse 1"
Abell 435,A435,Galaxy Cluster,Aries,17.048856527169633,-52.75649160374718,,50',1790824629,"Amas de galaxies Abell, richesse 2"
Abell 436,A436,Galaxy Cluster,Sagittarius,7.385718587314218,-73.99739177646691,,10',3808624834,"Amas de galaxies Abell, richesse 1"
Abell 437,A437,Galaxy Cluster,Columba,1.392753180359679,-0.0503347877603062,,10',2081730500,"Amas de galaxies Abell, richesse 2"
Abell 438,A438,Galaxy Cluster,Pisces,14.84534162272218,-27.45458132427536,,45',2099266761,"Amas de galaxies Abell, richesse 2"
Abell 439,A439,Galaxy Cluster,Lynx,9.64065698721075,56.45821223512223,,40',2261065018,"Amas de galaxies Abell, richesse 1"
Abell 440,A440,Galaxy Cluster,Libra,13.934942689024897,-14.10363844239805,,50',1956153362,"Amas de galaxies Abell, richesse 2"
Abell 441,A441,Galaxy Cluster,Triangulum,21.576140795347634,-88.93388069982151,,45',1685884367,"Amas de galaxies Abell, richesse 2"
Abell 442,A442,Galaxy Cluster,Canis Minor,7.768680789364879,4.092892985607648,,45',2892963881,"Amas de galaxies Abell, richesse 2"
Abell 443,A443,Galaxy Cluster,Pisces,7.3161764359994255,50.29580229981494,,100',1607566958,"Amas de galaxies Abell, richesse 2"
Abell 444,A444,Galaxy Cluster,Cancer,17.41340850539227,-44.159172407609674,,80',2788663274,"Amas de galaxies Abell, richesse 2"
Abell 445,A445,Galaxy Cluster,Virgo,2.251809208209804,48.139853723446606,,30',1500472985,"Amas de galaxies Abell, richesse 2"
Abell 446,A446,Galaxy Cluster,Coma Berenices,8.484105367605896,-67.61363307665276,,35',1959539463,"Amas de galaxies Abell, richesse 2"
Abell 447,A447,Galaxy Cluster,Lyra,18.753099759223346,-5.101171547594717,,40',3307526420,"Amas de galaxies Abell, richesse 0"
Abell 448,A448,Galaxy Cluster,Fornax,11.015193038017362,78.06746396922134,,15',2225158561,"Amas de galaxies Abell, richesse 2"
Abell 449,A449,Galaxy Cluster,Columba,0.6788676189880647,18.658632800724234,,15',3053767095,"Amas de galaxies Abell, richesse 2"
Abell 450,A450,Galaxy Cluster,Draco,19.410211715778864,-52.42167006590556,,50',1848022152,"Amas de galaxies Abell, richesse 1"
Abell 451,A451,Galaxy Cluster,Aries,13.646295044185575,0.006992367554744305,,35',1876592109,"Amas de galaxies Abell, richesse 0"
Abell 452,A452,Galaxy Cluster,Cancer,4.082964724161155,21.594171341759434,,50',1607173905,"Amas de galaxies Abell, richesse 2"
Abell 453,A453,Galaxy Cluster,Sextans,12.000915899506813,-20.728797150736256,,30',3500123485,"Amas de galaxies Abell, richesse 2"
Abell 454,A454,Galaxy Cluster,Delphinus,20.598158315601218,12.90616117781991,,50',3596900768,"Amas de galaxies Abell, richesse 2"
Abell 455,A455,Galaxy Cluster,Capricornus,4.692150628331096,-56.40701733186807,,15',3988805758,"Amas de galaxies Abell, richesse 2"
Abell 456,A456,Galaxy Cluster,Corona Borealis,6.38237280582928,74.1405585557319,,20',3652145855,"Amas de galaxies Abell, richesse 1"
Abell 457,A457,Galaxy Cluster,Ursa Major,9.716128320442685,-22.98154507051018,,10',1586838394,"Amas de galaxies Abell, richesse 0"
Abell 458,A458,Galaxy Cluster,Lynx,22.263620738351158,63.559295888998264,,25',1878122031,"Amas de galaxies Abell, richesse 0"
Abell 459,A459,Galaxy Cluster,Andromeda,10.826353794455809,-89.78876578126442,,25',2842643617,"Amas de galaxies Abell, richesse 1"
Abell 460,A460,Galaxy Cluster,Hercules,17.632023510872287,-85.67774075879991,,10',3732714443,"Amas de galaxies Abell, richesse 2"
Abell 461,A461,Galaxy Cluster,Tucana,7.56811795647069,65.2964296678141,,35',2320488244,"Amas de galaxies Abell, richesse 0"
Abell 462,A462,Galaxy Cluster,Serpens,22.86516307863219,-51.54485278065887,,35',3690792750,"Amas de galaxies Abell, richesse 1"
Abell 463,A463,Galaxy Cluster,Ursa Minor,22.99085776783106,12.917296391303552,,10',1833507690,"Amas de galaxies Abell, richesse 1"
Abell 464,A464,Galaxy Cluster,Vela,2.813985725362258,48.615987996243376,,80',3778744528,"Amas de galaxies Abell, richesse 0"
Abell 465,A465,Galaxy Cluster,Cassiopeia,18.694857824992138,30.208540553381255,,30',2104607024,"Amas de galaxies Abell, richesse 1"
Abell 466,A466,Galaxy Cluster,Leo,9.302327000581046,-35.06057804394266,,40',2469990108,"Amas de galaxies Abell, richesse 2"
Abell 467,A467,Galaxy Cluster,Crater,15.621157431407726,46.61672042419437,,30',1712554441,"Amas de galaxies Abell, richesse 0"
Abell 468,A468,Galaxy Cluster,Centaurus,4.888394827223302,-68.23383071802462,,45',1914824114,"Amas de galaxies Abell, richesse 0"
Abell 469,A469,Galaxy Cluster,Canis Minor,7.449985357469202,-73.16136705386532,,45',3236721532,"Amas de galaxies Abell, richesse 1"
Abell 470,A470,Galaxy Cluster,Corona Borealis,17.972674048745713,-3.7629267686542676,,30',3704910265,"Amas de galaxies Abell, richesse 0"
Abell 471,A471,Galaxy Cluster,Lepus,17.19163159790566,-17.445222774851842,,30',3904204259,"Amas de galaxies Abell, richesse 0"
Abell 472,A472,Galaxy Cluster,Andromeda,21.46599804224366,13.360842319543025,,25',3575677822,"Amas de galaxies Abell, richesse 1"
Abell 473,A473,Galaxy Cluster,Delphinus,20.374248518269304,40.99308192096879,,40',2954329530,"Amas de galaxies Abell, richesse 2"
Abell 474,A474,Galaxy Cluster,Pisces,9.507761627529014,52.90726706967166,,25',1580241858,"Amas de galaxies Abell, richesse 2"
Abell 475,A475,Galaxy Cluster,Pavo,9.984118898114847,28.45052233814789,,15',2949109013,"Amas de galaxies Abell, richesse 0"
Abell 476,A476,Galaxy Cluster,Hercules,7.497862667112298,55.194226955977854,,120',3347010898,"Amas de galaxies Abell, richesse 2"
Abell 477,A477,Galaxy Cluster,Pavo,10.575060613655992,-76.37096967955327,,25',2666726351,"Amas de galaxies Abell, richesse 1"
Abell 478,A478,Galaxy Cluster,Scorpius,2.919020762002032,-23.76185725227579,,35',2373520795,"Amas de galaxies Abell, richesse 2"
Abell 479,A479,Galaxy Cluster,Vulpecula,19.75724405582432,-5.468473766235888,,45',2234071130,"Amas de galaxies Abell, richesse 2"
Abell 480,A480,Galaxy Cluster,Capricornus,9.971905960173896,-64.32395299717285,,50',1937648278,"Amas de galaxies Abell, richesse 2"
Abell 481,A481,Galaxy Cluster,Cetus,5.152139706361871,-19.275873969812082,,15',1735469775,"Amas de galaxies Abell, richesse 0"
Abell 482,A482,Galaxy Cluster,Orion,16.358180457171056,-66.61378458235795,,100',2658762184,"Amas de galaxies Abell, richesse 2"
Abell 483,A483,Galaxy Cluster,Taurus,22.106349246930787,27.48425113177727,,25',1827828171,"Amas de galaxies Abell, richesse 2"
Abell 484,A484,Galaxy Cluster,Triangulum,3.9166726653500588,-20.028211248697744,,80',3207050042,"Amas de galaxies Abell, richesse 0"
Abell 485,A485,Galaxy Cluster,Ursa Major,17.194813374126305,-76.60167868430715,,20',2984430135,"Amas de galaxies Abell, richesse 0"
Abell 486,A486,Galaxy Cluster,Leo,13.007185927066157,2.1617939520506297,,50',3110723938,"Amas de galaxies Abell, richesse 2"
Abell 487,A487,Galaxy Cluster,Andromeda,3.5826873565239596,-59.24153398788488,,35',1662895022,"Amas de galaxies Abell, richesse 1"
Abell 488,A488,Galaxy Cluster,Aquila,0.8907958846027162,70.84267896450302,,15',2868441619,"Amas de galaxies Abell, richesse 2"
Abell 489,A489,Galaxy Cluster,Crater,19.394262244618524,67.94649897018726,,15',3098190990,"Amas de galaxies Abell, richesse 2"
Abell 490,A490,Galaxy Cluster,Hercules,9.51113304200912,-29.856985890854546,,80',1880279678,"Amas de galaxies Abell, richesse 0"
Abell 491,A491,Galaxy Cluster,Cassiopeia,6.394790329918107,-44.55230266926993,,30',2385566414,"Amas de galaxies Abell, richesse 0"
Abell 492,A492,Galaxy Cluster,Piscis Austrinus,18.795870219369995,44.35143878314122,,45',3971653705,"Amas de galaxies Abell, richesse 2"
Abell 493,A493,Galaxy Cluster,Vulpecula,13.241440531058736,-33.58736178523154,,120',3153941373,"Amas de galaxies Abell, richesse 2"
Abell 494,A494,Galaxy Cluster,Ophiuchus,20.513467505280786,-18.8089840871488,,50',3118853982,"Amas de galaxies Abell, richesse 1"
Abell 495,A495,Galaxy Cluster,Centaurus,10.524127533202124,-55.62692322231814,,60',3168527678,"Amas de galaxies Abell, richesse 1"
Abell 496,A496,Galaxy Cluster,Pisces,4.5583,-13.2667,,42',2100000000,"Amas de galaxies Abell, richesse 1"
Abell 497,A497,Galaxy Cluster,Volans,10.133408050204062,-23.470411872241712,,120',3399487045,"Amas de galaxies Abell, richesse 0"
Abell 498,A498,Galaxy Cluster,Cepheus,19.305225040180254,-3.400117916620019,,30',2551354574,"Amas de galaxies Abell, richesse 2"
Abell 499,A499,Galaxy Cluster,Cepheus,12.892561143585972,49.49197611498951,,10',2438060617,"Amas de galaxies Abell, richesse 1"
Abell 500,A500,Galaxy Cluster,Cetus,23.970274108138963,82.04604578609536,,80',3027667047,"Amas de galaxies Abell, richesse 2"
Abell 539,A539,Galaxy Cluster,Orion,5.1833,6.4167,,25',2800000000,"Amas de galaxies Abell, richesse 0"
Abell 576,A576,Galaxy Cluster,Taurus,5.75,55.75,,18',3000000000,"Amas de galaxies Abell, richesse 0"
Abell 634,A634,Galaxy Cluster,Gemini,8.35,58.1833,,15',2500000000,"Amas de galaxies Abell, richesse 0"
Abell 665,A665,Galaxy Cluster,Ursa Major,8.5333,65.8667,,30',2200000000,"Amas de galaxies Abell, richesse 2"
Abell 754,A754,Galaxy Cluster,Hydra,9.15,-9.6833,,25',1900000000,"Amas de galaxies Abell, richesse 1"
Abell 779,A779,Galaxy Cluster,Lynx,9.3167,33.75,,20',2100000000,"Amas de galaxies Abell, richesse 1"
Abell 957,A957,Galaxy Cluster,Leo,10.2167,0.35,,18',3200000000,"Amas de galaxies Abell, richesse 0"
Abell 1060,Amas d'Hydra,Galaxy Cluster,Hydra,10.6167,-27.5333,,60',1500000000,"Amas d'Hydra, richesse 1"
Abell 1185,A1185,Galaxy Cluster,Virgo,11.1833,28.6833,,35',2400000000,"Amas de galaxies Abell, richesse 2"
Abell 1367,A1367,Galaxy Cluster,Leo,11.7333,19.8333,,40',2700000000,"Amas du Lion, richesse 1"
Abell 1656,Amas de Coma,Galaxy Cluster,Coma Berenices,12.9983,27.9667,,120',3200000000,"Amas de Coma Berenices, richesse 2"
Abell 1689,A1689,Galaxy Cluster,Virgo,13.1833,-1.35,,45',2400000000,"Amas de galaxies Abell, richesse 2"
Abell 1775,A1775,Galaxy Cluster,Draco,13.6833,26.3833,,25',2800000000,"Amas de galaxies Abell, richesse 1"
Abell 1795,A1795,Galaxy Cluster,Boötes,13.8333,26.6,,30',2200000000,"Amas de galaxies Abell, richesse 1"
Abell 2029,A2029,Galaxy Cluster,Virgo,15.2,5.7333,,35',3000000000,"Amas de galaxies Abell, richesse 2"
Abell 2065,A2065,Galaxy Cluster,Corona Borealis,15.3833,27.7167,,50',2900000000,"Amas de la Couronne Boréale, richesse 2"
Abell 2147,A2147,Galaxy Cluster,Serpens,16.0333,15.9667,,28',2600000000,"Amas de galaxies Abell, richesse 1"
Abell 2151,Amas d'Hercule,Galaxy Cluster,Hercules,16.0833,17.75,,45',1800000000,"Amas d'Hercule, richesse 1"
Abell 2199,A2199,Galaxy Cluster,Hercules,16.4667,39.55,,40',2400000000,"Amas de galaxies Abell, richesse 2"
Abell 2256,A2256,Galaxy Cluster,Vulpecula,17.0667,78.6333,,35',2800000000,"Amas de galaxies Abell, richesse 1"
Abell 2319,A2319,Galaxy Cluster,Cygnus,19.35,43.9667,,55',2500000000,"Amas de galaxies Abell, richesse 2"
Abell 2670,A2670,Galaxy Cluster,Pavo,23.9167,-10.4167,,20',3100000000,"Amas de galaxies Abell, richesse 1"
